date,spy_close,spy_adj_close,spy_ret3,sma200,vix,vix_ret3,vix3m,fwd_2s,fwd_3s,fwd_5s,fwd_10s,fwd_15s
2009-09-25,104.45,77.5339,-0.0245,65.98,25.61,0.1096,27.21,0.0148,0.0109,-0.0188,0.0269,0.0425
2009-10-01,102.97,76.4353,-0.0315,66.26,28.27,0.1363,28.33,0.0102,0.0247,0.0354,0.0655,0.0618
2009-10-02,102.49,76.079,-0.0331,66.31,28.68,0.1385,28.8,0.0295,0.0323,0.0465,0.0624,0.0545
2009-10-23,108.08,80.2285,-0.0103,67.42,22.27,0.0656,24.31,-0.0154,-0.034,-0.0418,-0.0088,0.0142
2009-10-26,106.91,79.36,-0.0122,67.49,24.31,0.0941,25.37,-0.0234,-0.0024,-0.0242,0.0249,0.0402
2009-10-27,106.42,78.9962,-0.0266,67.57,24.83,0.2001,25.46,0.0022,-0.0269,-0.0166,0.0298,0.0462
2009-11-03,104.65,77.6824,-0.0188,67.97,28.81,0.1636,28.87,0.021,0.0237,0.0472,0.0639,0.0606
2009-11-27,109.57,81.3345,-0.0113,69.66,24.85,0.1744,26.15,0.0158,0.0153,0.0131,0.0141,0.0113
2009-12-17,110.18,81.7873,-0.0151,71.57,22.51,0.0643,24.78,0.0159,0.0195,0.0264,0.0341,0.0469
2009-12-31,111.44,83.1679,-0.0114,72.89,21.68,0.0878,23.89,0.0197,0.0204,0.0281,0.0197,-0.015
2010-01-21,111.7,83.362,-0.0171,74.55,22.27,0.2434,23.15,-0.0173,-0.0214,-0.028,-0.0471,-0.032
2010-01-26,109.31,81.5783,-0.0214,74.85,24.55,0.1024,25.17,-0.0068,-0.0176,0.0098,-0.0191,0.0087
2010-04-19,119.81,89.7827,-0.0114,80.19,17.34,0.1123,19.79,0.0071,0.0101,0.0129,0.0045,-0.0305
2010-04-28,119.38,89.4605,-0.0199,81.05,21.08,0.2684,22.31,-0.0048,0.0081,-0.0214,-0.0162,-0.0638
2010-05-04,117.52,88.0667,-0.0276,81.47,23.84,0.2928,25.07,-0.039,-0.0533,-0.0144,-0.0436,-0.0825
2010-05-05,116.82,87.5421,-0.0167,81.56,24.91,0.1297,26.37,-0.0476,-0.0056,0.0054,-0.0433,-0.0826
2010-09-23,112.5,85.1594,-0.015,83.86,23.87,0.1102,26.16,0.0157,0.0193,0.0145,0.0301,0.0441
2010-11-12,120.2,90.9881,-0.0116,84.91,20.61,0.0802,22.93,-0.017,-0.0165,0.0007,-0.0087,0.0213
2010-11-15,120.03,90.8594,-0.017,84.96,20.2,0.0937,22.81,-0.0151,-0.0006,0.0013,-0.0128,0.0233
2010-11-16,118.16,89.4438,-0.0286,84.99,22.58,0.2114,24.08,0.0152,0.018,0.0025,0.0241,0.0433
2010-11-17,118.22,89.4892,-0.0165,85.03,21.76,0.0558,23.83,0.0175,0.0167,0.0167,0.0367,0.0469
2010-11-23,118.45,89.6634,-0.0126,85.25,20.63,0.1003,22.59,0.003,0.006,0.0216,0.0408,0.0477
2010-11-30,118.49,89.6936,-0.0142,85.44,23.54,0.2035,25.19,0.0343,0.0371,0.0366,0.0522,0.0638
2011-01-28,127.72,97.189,-0.0112,87.39,20.04,0.1393,20.59,0.0236,0.0217,0.0269,0.0422,0.0533
2011-02-22,131.83,100.3165,-0.0151,88.31,20.8,0.244,21.32,-0.0068,0.0038,-0.0068,0.0057,-0.0248
2011-02-23,131.02,99.7001,-0.0241,88.38,22.13,0.3339,22.47,0.01,0.0163,0.0015,0.0105,-0.0369
2011-02-24,130.93,99.6316,-0.0268,88.44,21.32,0.2976,22.26,0.017,0,0.0194,-0.0076,-0.0235
2011-03-10,129.94,98.8783,-0.0113,89.28,21.88,0.0591,22.76,0.0008,-0.0106,-0.0161,0.0118,0.0248
2011-05-04,134.83,103.045,-0.0117,93.02,17.08,0.158,19.44,-0.0047,-0.0008,-0.0029,-0.0035,-0.0181
2011-05-05,133.61,102.1126,-0.0192,93.13,18.2,0.1382,19.84,0.0083,0.0169,0.011,0.008,-0.0046
2011-05-06,134.2,102.5636,-0.0113,93.23,18.4,0.1018,19.91,0.0124,0.0018,-0.0012,-0.0044,-0.0051
2011-05-13,134.04,102.4413,-0.0135,93.72,17.07,0.0729,19.07,-0.0065,0.0024,-0.0032,-0.004,-0.0373
2011-05-17,133.17,101.7764,-0.0141,93.9,17.55,0.0948,19.45,0.0113,0.0033,-0.0092,-0.0098,-0.0357
2011-05-23,132.06,100.928,-0.0171,94.25,18.27,0.1257,19.79,0.0025,0.0071,0.0215,-0.0235,-0.0207
2011-05-24,131.95,100.8439,-0.0203,94.33,17.82,0.1482,19.17,0.008,0.0118,-0.0006,-0.0268,-0.0374
2011-06-02,131.73,100.6758,-0.0133,94.9,18.09,0.132,19.32,-0.0204,-0.021,-0.0177,-0.0336,-0.0212
2011-06-03,130.42,99.6746,-0.0332,94.99,17.95,0.1618,19.47,-0.0112,-0.0153,-0.0216,-0.021,-0.0229
2011-06-17,127.05,97.5805,-0.0127,95.88,21.85,0.1966,22.44,0.0189,0.0128,-0.0019,0.0541,0.0387
2011-06-24,126.81,97.3962,-0.0204,96.26,21.1,0.1188,21.92,0.0221,0.0308,0.0561,0.0407,0.03
2011-07-11,131.97,101.3593,-0.0149,97.08,18.39,0.1255,19.98,-0.001,-0.0079,-0.0103,0.0141,-0.0242
2011-07-12,131.4,100.9215,-0.0293,97.15,19.87,0.2458,20.93,-0.0036,0.0022,0.0101,0.0147,-0.045
2011-07-13,131.84,101.2594,-0.019,97.23,19.91,0.2483,20.85,-0.0011,-0.0093,0.0061,-0.0094,-0.043
2012-03-06,134.75,104.6897,-0.0216,97.24,20.87,0.2092,23.9,0.017,0.0209,0.0394,0.0468,0.0522
2012-03-07,135.69,105.42,-0.0118,97.26,19.07,0.1029,22.72,0.0139,0.0139,0.0311,0.0378,0.0398
2012-04-05,139.79,109.0813,-0.0145,98.28,16.7,0.0678,19.82,-0.0278,-0.02,-0.019,-0.0132,0.0043
2012-04-09,138.22,107.8562,-0.0215,98.32,18.81,0.2011,21.21,-0.0088,0.0041,-0.0085,-0.0103,0.0119
2012-04-10,135.9,106.0458,-0.0283,98.36,20.39,0.2403,22.62,0.0213,0.0091,0.0234,0.0104,0.0356
2012-04-11,137,106.9042,-0.02,98.41,20.02,0.1988,22.47,0.001,0.0004,0.0118,0.016,0.0242
2012-05-04,137,106.9042,-0.0266,98.98,19.16,0.1542,20.72,-0.0033,-0.0092,-0.0101,-0.053,-0.0358
2012-05-07,137.1,106.9822,-0.0229,99,18.94,0.122,20.45,-0.0099,-0.0079,-0.0218,-0.0374,-0.0248
2012-05-08,136.55,106.5531,-0.0194,99.02,19.05,0.0849,20.81,-0.0039,-0.0069,-0.0235,-0.0319,-0.0351
2012-05-14,134.11,104.6491,-0.012,99.1,21.87,0.0891,22.97,-0.0095,-0.0242,-0.016,-0.0031,-0.0376
2012-05-15,133.34,104.0482,-0.0197,99.13,21.97,0.1668,23.92,-0.0186,-0.027,-0.0085,-0.0118,-0.0103
2012-05-16,132.83,103.6502,-0.0205,99.15,22.27,0.1197,24.92,-0.0233,-0.0065,-0.0042,-0.0102,-0.0059
2012-05-17,130.86,102.113,-0.0242,99.18,24.49,0.1198,26.41,0.0085,0.0102,0.0128,-0.0206,0.0171
2012-05-18,129.74,101.2391,-0.027,99.2,25.1,0.1425,27.66,0.019,0.0195,0.0182,-0.0126,0.0129
2012-06-01,128.16,100.0061,-0.0414,99.76,26.66,0.2677,28.47,0.0071,0.0297,0.0385,0.0521,0.0468
2012-06-04,128.1,99.9593,-0.0278,99.8,26.12,0.082,28.12,0.0302,0.0308,0.0258,0.0546,0.0304
2012-06-21,132.44,103.8814,-0.0146,100.69,20.08,0.0961,23.16,-0.0085,-0.0035,0.0026,0.023,0.025
2012-06-25,131.32,103.0029,-0.0307,100.81,20.38,0.1821,23.03,0.0141,0.0112,0.0395,0.0215,0.0384
2012-07-09,135.32,106.1404,-0.0152,101.46,17.98,0.0792,20.37,-0.0086,-0.0134,0.0008,-0.0017,0.0248
2012-07-10,134.14,105.2148,-0.0194,101.55,18.72,0.0697,20.87,-0.0047,0.012,0.0165,-0.0016,0.0266
2012-07-23,135.09,105.9599,-0.0166,102.37,18.62,0.1522,21.18,-0.0084,0.008,0.0266,0.0335,0.042
2012-07-24,133.93,105.0501,-0.0276,102.44,20.47,0.3249,22.26,0.0167,0.0355,0.0282,0.0477,0.0512
2012-07-25,133.96,105.0736,-0.0184,102.52,19.34,0.1887,21.88,0.0352,0.0352,0.0271,0.0487,0.0522
2012-08-23,140.66,110.3289,-0.0108,104.05,15.96,0.1384,20.09,0.0063,0.0053,-0.0012,0.0261,0.0468
2012-09-25,144.1,113.6304,-0.0125,106,15.43,0.0967,17.6,0.0037,-0.0009,0.0028,0.0007,0.01
2012-09-26,143.29,112.9917,-0.0177,106.08,16.81,0.2024,18.5,0.0047,0.0074,0.0126,-0.0001,0.0203
2012-10-09,144.2,113.7093,-0.0132,106.94,16.37,0.1251,18.01,-0.0058,-0.0091,0.0093,-0.0193,-0.0095
2012-10-10,143.28,112.9838,-0.0196,107.01,16.29,0.1368,18.13,-0.0027,0.0056,0.0204,-0.0158,-0.012
2012-10-19,143.39,113.0706,-0.0148,107.56,17.06,0.1209,18.12,-0.0137,-0.0165,-0.0142,-0.003,-0.0391
2012-10-22,143.41,113.0864,-0.0191,107.63,16.62,0.1029,17.87,-0.0167,-0.0138,-0.0144,-0.0257,-0.0522
2012-10-23,141.42,111.5171,-0.0302,107.69,18.83,0.2528,19.45,0.0001,-0.0005,0.01,-0.0239,-0.0404
2012-10-24,141.02,111.2017,-0.0165,107.74,18.33,0.0744,19.27,0.0023,0.0023,0.0038,-0.0203,-0.033
2012-10-25,141.43,111.525,-0.0138,107.8,18.12,0.0903,19.11,-0.0006,0.0099,0.003,-0.0223,-0.0163
2012-11-07,139.72,110.1766,-0.013,108.16,19.08,0.0847,19.81,-0.0112,-0.0104,-0.0271,-0.0019,0.0172
2012-11-09,138.16,108.9465,-0.0336,108.22,18.61,0.0586,20.07,-0.0027,-0.0161,-0.013,0.0209,0.0238
2012-12-21,142.79,113.396,-0.0108,109.15,17.84,0.1458,18.87,-0.0073,-0.0086,-0.0027,0.0193,0.03
2012-12-26,141.75,112.5702,-0.0163,109.21,19.48,0.1024,19.93,-0.0121,0.0047,0.0281,0.0376,0.0441
2013-02-21,150.42,119.4554,-0.0111,110.99,15.22,0.2215,15.71,-0.0094,-0.0027,0.0079,0.029,0.0419
2013-04-05,155.16,123.7677,-0.0106,113.9,13.92,0.0892,15.38,0.0102,0.0226,0.0235,0.0021,0.0199
2013-04-16,157.41,125.5624,-0.0112,114.63,13.96,0.1405,15.1,-0.0208,-0.0123,0.0024,0.0144,0.033
2013-04-17,155.11,123.7278,-0.0232,114.73,16.51,0.369,16.93,0.0024,0.0068,0.0179,0.0204,0.0531
2013-04-19,155.48,124.0229,-0.0123,114.91,14.97,0.0723,16.17,0.0148,0.0154,0.0178,0.0379,0.051
2013-05-31,163.45,130.3804,-0.0171,118.15,16.3,0.1257,17.13,0.0007,-0.0133,0.0083,-0.0017,-0.0216
2013-06-04,163.56,130.4682,-0.0137,118.36,16.27,0.1198,17.26,-0.0051,0.0076,-0.0028,0.0133,-0.0254
2013-06-05,161.27,128.6415,-0.0133,118.45,17.5,0.0736,18,0.0219,0.0219,0.003,0.0135,-0.0018
2013-06-12,161.75,129.0243,-0.0185,118.92,18.59,0.2279,19.07,0.0088,0.0166,0.0105,-0.0047,0.0024
2013-06-21,159.07,127.558,-0.0352,119.6,18.9,0.1379,19.49,-0.0031,0.0067,0.0085,0.0307,0.0571
2013-06-24,157.06,125.9462,-0.034,119.67,20.11,0.2085,20.73,0.0196,0.0256,0.0274,0.0514,0.0666
2013-08-07,169.18,135.6651,-0.0104,122.69,12.98,0.0835,14.81,0.0008,-0.0004,-0.0026,-0.0273,-0.0311
2013-08-15,166.38,133.4198,-0.0161,123.38,14.73,0.1499,16.24,-0.0097,-0.0048,-0.0019,-0.0133,-0.002
2013-08-16,165.83,132.9789,-0.0223,123.49,14.37,0.1673,15.94,-0.0015,-0.0077,0.0048,-0.0131,0.0109
2013-08-19,164.77,132.1288,-0.0235,123.59,15.1,0.158,16.4,-0.0013,0.0078,0.0075,-0.0023,0.0249
2013-08-27,163.33,130.9741,-0.0164,124.23,16.77,0.1362,17.68,0.0051,0.002,0.0148,0.0372,0.0595
2013-08-28,163.91,131.4392,-0.0163,124.34,16.49,0.1795,17.62,-0.0016,0.0029,0.0125,0.0307,0.054
2013-08-29,164.17,131.6476,-0.011,124.45,16.81,0.1214,17.9,0.0013,0.0096,0.0114,0.0314,0.045
2013-09-23,169.93,136.9308,-0.0132,126.46,14.31,0.053,15.92,-0.0052,-0.0014,-0.0113,-0.0147,0.0059
2013-09-24,169.53,136.6085,-0.0139,126.58,14.08,0.0699,15.64,0.0009,-0.0037,-0.0011,-0.0239,0.001
2013-11-07,174.93,140.9599,-0.0107,130.4,13.91,0.0758,15.36,0.0137,0.0116,0.0248,0.0285,0.0347
2013-12-11,178.72,144.0138,-0.0123,133.25,15.42,0.1182,15.99,-0.0034,0.0028,0.0167,0.0343,0.0289
2013-12-12,178.13,143.5384,-0.018,133.36,15.54,0.152,16.12,0.0061,0.0029,0.0189,0.0377,0.0293
2013-12-13,178.11,143.5223,-0.0146,133.48,15.76,0.133,16.27,0.003,0.0202,0.0249,0.0377,0.0357
2014-01-28,179.07,145.0793,-0.0204,136.9,15.8,0.1474,16.2,0.0009,-0.005,-0.0206,0.0163,0.0221
2014-03-13,185.18,150.0295,-0.0158,139.93,16.22,0.1423,17.13,0.0062,0.0134,0.0139,0.0012,0.0231
2014-03-14,184.66,149.6082,-0.0137,140.02,17.82,0.2041,17.93,0.0162,0.0108,0.0128,0.0089,0.0139
2014-04-07,184.34,150.0081,-0.024,141.72,15.57,0.1895,15.9,0.0149,-0.0064,-0.0076,0.0193,0.0185
2014-04-08,185.1,150.6265,-0.0187,141.83,14.89,0.1137,15.53,-0.0105,-0.0194,-0.0049,0.0127,0.0173
2014-04-14,182.94,148.8688,-0.0222,142.27,16.11,0.1657,16.34,0.0174,0.0189,0.0271,0.0263,0.021
2014-05-15,187.4,152.4982,-0.0126,144.39,13.17,0.0769,14.86,0.0072,0.0008,0.0117,0.0282,0.0426
2014-06-12,193.54,157.4946,-0.0104,146.44,12.56,0.1265,14.11,0.0039,0.0067,0.0152,0.0147,0.029
2014-08-04,193.89,158.5355,-0.0157,150.96,15.12,0.1343,15.81,-0.0094,-0.0148,-0.0005,0.0179,0.0325
2014-08-07,191.03,156.1971,-0.0148,151.21,16.66,0.1019,17.22,0.0145,0.0131,0.0248,0.0443,0.0477
2014-09-23,198.01,162.6611,-0.0143,154.28,14.93,0.2411,16.07,-0.0084,-0.0006,-0.005,-0.024,-0.0521
2014-09-25,196.34,161.2892,-0.0141,154.45,15.64,0.1424,16.59,0.0061,0.0035,-0.01,-0.0183,-0.0513
2014-09-29,197.54,162.2749,-0.0101,154.62,15.98,0.2042,16.82,-0.0161,-0.016,-0.0063,-0.0513,-0.0367
2014-10-01,194.35,159.6544,-0.0179,154.79,16.71,0.1253,17.62,0.0112,0.01,0.0118,-0.0408,-0.0085
2014-12-10,203.16,166.8917,-0.0233,158.97,18.53,0.5677,19.14,-0.0112,-0.018,-0.0067,0.0283,0.0168
2014-12-11,204.19,167.7378,-0.0117,159.06,20.08,0.4131,20.72,-0.0229,-0.0308,0.0127,0.0264,-0.0066
2014-12-15,199.51,163.8933,-0.018,159.2,20.42,0.102,21.06,0.0114,0.0364,0.0456,0.0463,0.0196
2014-12-31,205.54,169.7787,-0.0139,160.2,19.2,0.3241,19.74,-0.0186,-0.0278,0.0018,-0.0317,-0.0028
2015-01-02,205.43,169.6879,-0.0158,160.3,17.79,0.1813,19.46,-0.0273,-0.0152,-0.0057,-0.0185,0.0001
2015-01-05,201.72,166.6234,-0.0283,160.37,19.92,0.2513,20.79,0.0029,0.0207,0.0046,0.0017,0.0051
2015-01-06,199.82,165.0539,-0.0278,160.44,21.12,0.1,21.42,0.0304,0.0222,0.0113,0.0163,0.0016
2015-01-07,202.31,167.1107,-0.0152,160.52,19.31,0.0854,20.08,0.0096,0.0017,-0.0072,0.0187,-0.0016
2015-01-13,202.08,166.9207,-0.0186,160.87,20.56,0.2087,21.27,-0.0151,-0.0022,0.0049,-0.0096,0.0098
2015-01-27,202.74,167.4659,-0.0163,161.58,17.22,0.05,19.11,-0.0037,-0.0162,0.0104,0.0201,0.0365
2015-01-28,200.14,165.3183,-0.0236,161.67,20.44,0.2269,21.44,-0.0034,0.0089,0.0196,0.0339,0.0492
2015-01-29,201.99,166.8464,-0.0168,161.76,18.76,0.2088,20,-0.0003,0.0141,0.0204,0.0343,0.0458
2015-01-30,199.45,164.7483,-0.0162,161.83,20.97,0.2178,21.82,0.027,0.0231,0.0306,0.0518,0.059
2015-03-06,207.5,171.3977,-0.0171,164.18,15.2,0.0967,17.51,-0.0121,-0.0145,-0.008,0.0186,-0.0041
2015-03-10,204.98,169.3162,-0.026,164.34,16.69,0.1887,18.26,0.0103,0.0041,0.0145,0.0233,0.0116
2015-03-11,204.5,168.9196,-0.0145,164.41,16.87,0.1099,18.53,0.0065,0.02,0.0291,0.0107,0.0104
2015-03-25,205.76,170.7191,-0.0221,165.18,15.44,0.1859,17.57,-0.0001,0.0121,-0.0003,0.0153,0.0224
2015-03-26,205.27,170.3126,-0.0225,165.23,15.8,0.1782,17.57,0.0145,0.0057,0.0057,0.0232,0.0131
2015-03-27,205.74,170.7025,-0.0147,165.29,15.07,0.1065,17.39,0.0034,-0.0002,0.0102,0.0163,0.02
2015-04-30,208.46,172.9593,-0.011,166.83,14.55,0.109,16.48,0.0137,0.0021,0.002,0.018,0.0242
2015-05-06,208.04,172.6108,-0.0127,167.09,15.15,0.1929,16.72,0.0172,0.0124,0.0095,0.0233,0.0212
2015-05-07,208.87,173.2995,-0.0116,167.15,15.13,0.1774,16.74,0.0083,0.0053,0.016,0.0222,0.0109
2015-05-26,210.7,174.8179,-0.0102,168.12,14.06,0.0916,15.48,0.0084,0.0021,0.0031,-0.0107,-0.0021
2015-06-08,208.48,172.9759,-0.0162,168.8,15.29,0.1193,16.6,0.0118,0.0151,0.003,0.0213,-0.0099
2015-06-26,209.82,174.9345,-0.0105,169.6,14.02,0.1577,15.46,-0.0189,-0.0111,-0.0148,-0.0002,0.0132
2015-06-30,205.85,171.6245,-0.0191,169.68,18.23,0.3012,18.47,0.0071,0.0042,-0.0064,0.0231,0.0268
2015-07-01,207.5,173.0002,-0.0111,169.73,16.09,0.1476,16.79,-0.0038,0.0025,-0.0125,0.0231,0.0129
2015-07-24,208,173.4171,-0.0177,170.71,13.74,0.1244,15.65,0.0064,0.0133,0.012,-0.0002,0.0068
2015-07-27,206.79,172.4082,-0.0217,170.76,15.6,0.2871,16.78,0.0192,0.0195,0.0145,0.0183,0.0184
2015-11-09,208.08,174.3857,-0.0108,171.69,16.52,0.0651,18.85,-0.0016,-0.0156,-0.0118,0.0048,0.0125
2015-11-11,207.74,174.1008,-0.0109,171.77,16.06,0.1207,18.45,-0.025,-0.0102,0.0048,0.0076,-0.0103
2015-11-16,205.62,172.324,-0.0102,171.84,18.16,0.1308,19.98,0.0151,0.0142,0.0168,0.0246,0.0065
2015-12-03,205.61,172.3157,-0.0148,172.06,18.11,0.1228,20.11,0.0133,0.0065,0.0013,-0.0036,0.0063
2015-12-09,205.34,172.0894,-0.0204,172.04,19.61,0.3241,21.05,-0.0169,-0.0119,0.0131,0.0093,-0.0012
2015-12-10,205.87,172.5336,-0.0119,172.03,19.34,0.221,20.76,-0.0144,-0.0041,-0.0049,0.005,-0.0177
2016-04-07,203.95,172.8285,-0.0112,169.07,16.16,0.1445,18.86,0.0003,0.0097,0.0199,0.0246,0.0172
2016-04-11,204.02,172.8879,-0.0116,169.04,16.26,0.154,18.89,0.0195,0.0196,0.0256,0.0225,0.0194
2016-04-29,206.33,174.8454,-0.0124,169.28,15.7,0.1246,18.45,-0.0008,-0.0064,-0.003,-0.0076,-0.0041
2016-05-05,204.97,173.6929,-0.0144,169.23,15.91,0.0838,18.92,0.0045,0.017,0.0078,-0.0038,0.0213
2016-05-13,204.76,173.5149,-0.0177,169.23,15.04,0.1034,18.25,0.0004,0.0007,0.0036,0.0268,0.0322
2016-05-19,204.2,173.0404,-0.0125,169.21,16.33,0.1124,18.77,0.0049,0.018,0.0252,0.0298,0.0287
2016-06-13,208.45,176.6418,-0.0185,169.77,20.97,0.4893,21.87,-0.0034,-0.0004,0.0023,-0.0375,0.005
2016-06-14,208.04,176.2944,-0.019,169.82,20.5,0.4003,21.94,0.0016,-0.0021,0.0071,-0.0182,0.013
2016-06-15,207.75,176.0487,-0.011,169.87,20.14,0.1826,21.81,-0.0008,0.0057,0.0069,-0.0001,0.0138
2016-06-28,203.2,173.0885,-0.0361,170.45,18.75,0.087,20.26,0.0309,0.0331,0.0318,0.0577,0.0684
2016-09-09,213.28,181.6747,-0.0263,174.22,17.5,0.4559,18.83,-0.0002,-0.0006,0.0055,0.0178,0.0193
2016-09-12,216.34,184.2813,-0.0122,174.26,15.16,0.2697,17.27,-0.0147,-0.0049,-0.0086,-0.0047,0.0024
2016-09-13,213.23,181.6321,-0.0242,174.29,17.85,0.4269,19.05,0.0096,0.0057,0.0059,0.0161,0.0119
2016-10-11,213.43,182.7208,-0.0109,175.41,15.36,0.1963,16.94,-0.002,-0.0015,0.0013,0.0035,-0.0113
2016-10-13,213.01,182.3613,-0.0146,175.5,16.69,0.2474,17.59,-0.003,0.0033,0.0041,0.0008,-0.0199
2016-11-01,211.01,180.649,-0.0101,176.67,18.56,0.2083,18.74,-0.0106,-0.0117,0.0147,0.0345,0.0454
2016-12-30,223.53,192.4956,-0.0121,182.05,14.04,0.171,16.54,0.0136,0.0128,0.0131,0.0122,0.0182
2017-03-21,233.73,202.1551,-0.0157,188.7,12.47,0.1124,14.62,0.0013,0.0006,0.0068,0.0075,0.0057
2017-03-22,234.28,202.6308,-0.0116,188.81,12.81,0.1356,14.68,-0.0018,-0.0028,0.0054,0.0021,-0.0011
2017-03-23,234.03,202.4145,-0.0116,188.93,13.12,0.157,14.91,-0.0018,0.0055,0.0097,0.006,-0.0065
2017-05-17,235.82,203.9628,-0.0132,193.61,15.59,0.499,15.6,0.0106,0.0157,0.0203,0.032,0.0338
2017-05-18,236.77,204.7844,-0.0147,193.72,14.66,0.4069,14.97,0.0116,0.0139,0.0211,0.0313,0.028
2017-08-10,243.76,211.8582,-0.0166,201.6,16.04,0.6153,16.21,0.0114,0.0113,-0.0027,0.0009,0.0153
2017-08-11,244.12,212.1711,-0.0127,201.74,15.51,0.4151,16.39,0.0098,0.0116,-0.0058,0.0018,0.0152
2017-08-17,243.09,211.2759,-0.014,202.37,15.55,0.2612,16.14,-0.0008,0.0097,0.0037,0.0181,0.0144
2017-08-18,242.71,210.9456,-0.0154,202.52,14.26,0.1844,15.65,0.0112,0.0076,0.0076,0.0211,0.0268
2017-08-21,242.9,211.1108,-0.0164,202.68,13.19,0.1235,14.99,0.0068,0.0045,0.0069,0.013,0.0294
2018-01-31,281.9,247.4812,-0.0163,220.01,13.54,0.222,14.9,-0.0229,-0.0637,-0.0505,-0.0437,-0.0408
2018-02-28,271.65,238.4827,-0.0111,223,19.85,0.2038,19.89,-0.0095,0.002,0.0042,0.0134,-0.0005
2018-03-02,269.08,236.2264,-0.0195,223.28,19.59,0.0538,19.86,0.0141,0.0138,0.0364,0.0231,-0.0372
2018-03-14,275.3,241.687,-0.0128,224.66,17.23,0.1769,18.78,0,-0.0135,-0.0138,-0.0524,-0.0312
2018-03-15,275,241.4236,-0.0126,224.83,16.59,0.0513,18.21,-0.0125,-0.0108,-0.0374,-0.0393,-0.0518
2018-03-19,270.49,238.4153,-0.0135,225.13,19.02,0.1039,19.38,-0.0002,-0.0252,-0.0199,-0.0359,-0.0197
2018-03-20,270.95,238.8208,-0.0108,225.27,18.2,0.097,18.88,-0.0269,-0.0476,-0.0382,-0.0273,-0.0265
2018-03-21,270.43,238.3624,-0.0137,225.4,17.86,0.1304,18.71,-0.0458,-0.0197,-0.0392,-0.0177,-0.0166
2018-04-20,266.61,234.9955,-0.0132,227.68,16.88,0.1069,17.72,-0.0136,-0.0112,-0.0002,-0.0022,0.0234
2018-04-24,262.98,231.7959,-0.022,227.92,18.02,0.1291,18.23,0.0127,0.0136,0.0076,0.015,0.0309
2018-04-25,263.63,232.3688,-0.0112,228.03,17.84,0.0569,18.23,0.0111,0.0033,-0.0016,0.0223,0.0327
2018-05-29,269.02,237.1197,-0.0159,230.71,17.02,0.3529,17.13,0.0071,0.017,0.0226,0.0368,0.0287
2018-06-25,271,239.9374,-0.018,233.58,17.33,0.355,17.52,-0.0061,-0.0004,0.0032,0.0292,0.0349
2018-06-27,269.35,238.4766,-0.0196,233.82,17.91,0.3007,18.05,0.0072,0.0093,0.014,0.0372,0.0395
2018-07-30,279.95,247.8616,-0.0143,236.77,14.26,0.1603,15.66,0.0033,0.0087,0.0168,0.0077,0.0204
2018-08-13,282.1,249.7652,-0.0118,238.15,14.78,0.3622,16.21,-0.0011,0.0069,0.0127,0.0272,0.0273
2018-10-05,287.82,255.9831,-0.0128,243.48,14.82,0.2299,16.25,-0.0015,-0.0331,-0.0412,-0.0402,-0.0781
2018-10-08,287.82,255.9831,-0.0134,243.59,15.69,0.3514,16.51,-0.0331,-0.0544,-0.0466,-0.0445,-0.0832
2018-10-22,275.01,244.59,-0.0194,244.13,19.64,0.1287,19.82,-0.0352,-0.0179,-0.0405,-0.0059,-0.0089
2019-03-06,277.33,248.0938,-0.011,244.17,15.74,0.1599,16.74,-0.0103,0.004,0.0145,0.0197,0.0128
2019-03-07,275.01,246.0184,-0.0157,244.2,16.59,0.134,17.3,0.0125,0.0163,0.0224,0.0399,0.0252
2019-03-08,274.46,245.5264,-0.0163,244.23,16.05,0.0889,17.11,0.0183,0.0251,0.0295,0.0219,0.0338
2019-03-22,279.25,250.9116,-0.0112,244.82,16.48,0.2153,17.37,0.0067,0.0014,0.0116,0.0334,0.0391
2019-03-26,281.12,252.592,-0.0127,244.89,14.68,0.077,16.45,-0.0015,0.0048,0.0173,0.022,0.0322
2019-05-24,282.78,254.0836,-0.013,247.56,15.85,0.0602,17.09,-0.0159,-0.0133,-0.029,0.0219,0.0233
2019-05-28,280.15,251.7204,-0.0192,247.56,17.5,0.1864,17.9,-0.004,-0.0174,0.0014,0.0312,0.0437
2019-05-29,278.27,250.0313,-0.0137,247.54,17.9,0.0579,18.24,-0.0108,-0.0133,0.0169,0.0364,0.0531
2019-05-30,279.03,250.714,-0.0133,247.54,17.3,0.0915,17.96,-0.016,0.0054,0.0207,0.0378,0.0603
2019-06-25,290.76,262.5243,-0.0125,247.96,16.28,0.1037,17.12,0.0025,0.0077,0.0195,0.027,0.024
2019-06-26,290.47,262.2625,-0.012,248,16.21,0.0526,17.05,0.0087,0.0179,0.0287,0.0304,0.0288
2019-07-31,297.43,268.5467,-0.0152,249.54,16.12,0.3257,16.91,-0.0162,-0.0458,-0.0318,-0.0455,-0.0167
2019-08-01,294.84,266.2082,-0.022,249.64,17.87,0.3928,17.99,-0.0374,-0.0239,-0.0041,-0.0346,-0.0084
2019-08-02,292.62,264.2036,-0.0269,249.74,17.61,0.2633,17.89,-0.0165,-0.0159,-0.0034,-0.0129,-0.0266
2019-08-07,287.97,260.0052,-0.0159,249.9,19.49,0.1068,19.5,0.0127,0.0003,-0.0141,0.0156,0.0032
2019-08-16,288.85,260.7999,-0.0126,250.63,18.47,0.0542,19.7,0.0043,0.0125,-0.0138,0.0125,0.0324
2019-08-23,284.85,257.1883,-0.0181,251.15,19.87,0.1354,20.36,0.0071,0.0142,0.0267,0.0469,0.0537
2019-08-26,288,260.0322,-0.0152,251.23,19.32,0.2228,19.82,0.0031,0.0159,0.0095,0.0352,0.0449
2019-08-27,286.87,259.0121,-0.0188,251.27,20.31,0.2176,20.64,0.0199,0.0195,0.025,0.0466,0.0496
2019-09-24,295.87,268.3717,-0.0128,253.85,17.05,0.2135,18.55,0.0038,-0.0016,-0.0089,-0.0248,0.0102
2019-10-01,293.24,265.9862,-0.0127,254.68,18.56,0.1549,19.35,-0.0096,0.0038,-0.0161,0.0192,0.0197
2019-10-02,288.06,261.2876,-0.0248,254.83,20.56,0.194,20.74,0.0218,0.0174,0.0111,0.0359,0.041
2019-10-03,290.42,263.4283,-0.0214,255.01,19.12,0.1773,19.78,0.0092,-0.0065,0.0097,0.0305,0.0343
2019-10-09,291.27,264.1993,-0.0105,255.87,18.64,0.0939,19.51,0.0172,0.0161,0.0245,0.0296,0.0442
2019-12-03,309.55,280.7803,-0.0188,264,15.96,0.3583,17.63,0.008,0.0172,0.0129,0.0324,0.0428
2020-01-28,326.89,297.9666,-0.0146,271.61,16.28,0.2542,17.03,0.0024,-0.0158,0.0066,0.0256,0.035
2020-06-12,304.21,278.9239,-0.0517,274.15,36.09,0.309,38.05,0.0288,0.0245,0.019,-0.0093,0.0468
2020-06-15,307.05,281.5278,-0.0375,274.26,34.4,0.2477,36.43,0.015,0.0154,0.0161,-0.0041,0.0264
2020-06-26,300.05,276.3203,-0.0385,275.02,34.73,0.1071,35.8,0.0277,0.0349,0.0567,0.0493,0.0809
2020-09-03,345.39,318.0746,-0.0112,282.5,33.6,0.2722,37.63,-0.0353,-0.0162,-0.0328,-0.0388,-0.0444
2020-09-04,342.57,315.4775,-0.0284,282.66,30.75,0.1773,34.75,-0.0081,-0.0253,-0.012,-0.0417,-0.0206
2020-09-08,333.21,306.8578,-0.0685,282.78,31.46,0.184,34.31,0.002,0.0026,0.0209,-0.0048,0.0015
2020-09-21,326.97,302.3167,-0.0311,283.95,27.78,0.0668,31.64,-0.0132,-0.0106,0.0221,0.0391,0.0779
2020-09-23,322.64,298.3131,-0.0242,284.12,28.58,0.1065,33.28,0.0189,0.0358,0.038,0.0562,0.0784
2020-10-15,347.5,321.2987,-0.014,286,26.97,0.0758,28.72,-0.0158,-0.0119,-0.0083,-0.0504,0.0079
2020-10-19,342.01,316.2226,-0.017,286.24,29.18,0.1053,30.4,0.0021,0.0076,-0.0077,-0.0345,0.0367
2020-10-20,343.38,317.4893,-0.0119,286.35,29.35,0.0882,30.11,0.0036,0.007,-0.015,-0.0214,0.031
2020-12-11,366.3,338.6811,-0.0105,291.65,23.31,0.1272,26.05,0.009,0.0106,0.0122,0.0204,0.0181
2021-01-28,377.63,350.6453,-0.0176,308.03,30.21,0.3027,31.77,-0.0037,0.0104,0.0227,0.0346,0.0328
2021-01-29,370.07,343.6255,-0.0357,308.48,33.09,0.4374,33.88,0.031,0.0318,0.0477,0.061,0.0458
2021-02-22,387.03,359.3735,-0.0137,315.99,23.45,0.0907,27.81,0.0122,-0.0121,0.0066,-0.0137,0.0242
2021-02-25,382.33,355.0093,-0.0121,317.39,28.89,0.232,30.24,0.019,0.011,-0.0147,0.0293,0.0239
2021-02-26,380.36,353.1801,-0.0184,317.84,27.95,0.2094,29.6,0.0162,0.0028,0.0086,0.036,0.0273
2021-03-04,376.7,349.7817,-0.0331,319.7,28.57,0.2236,30.08,0.0133,0.0278,0.0447,0.0392,0.0379
2021-03-18,391.48,363.5056,-0.0124,324.09,21.58,0.0774,25.28,0.0061,-0.0018,-0.0013,0.0267,0.0546
2021-03-19,389.48,362.833,-0.013,324.47,20.95,0.0586,24.99,0.0001,-0.005,0.0167,0.0433,0.0569
2021-05-04,415.62,387.1845,-0.0106,338.8,19.48,0.1062,22.67,0.0083,0.0156,-0.0034,-0.0089,0.0063
2021-05-11,414.21,385.871,-0.0116,341.07,21.84,0.1876,24.23,-0.0095,0.0057,-0.0055,0.0097,0.0148
2021-05-12,405.41,377.6731,-0.0396,341.47,27.59,0.6531,28.18,0.0276,0.0249,0.0134,0.0337,0.033
2021-05-13,410.28,382.2098,-0.0183,341.9,23.13,0.1765,25.26,0.0128,0.004,0.0122,0.022,0.03
2021-05-19,410.86,382.7501,-0.0137,343.6,22.18,0.1792,25.27,0.0099,0.0202,0.02,0.0193,0.031
2021-06-18,414.92,387.797,-0.0193,351.88,20.7,0.2162,22.93,0.0197,0.0185,0.0282,0.0453,0.0534
2021-07-19,424.97,397.19,-0.0258,361.14,22.5,0.3778,24.9,0.0225,0.0247,0.0378,0.0297,0.0404
2021-08-18,439.18,410.4712,-0.0151,371.74,21.57,0.3961,23.8,0.0095,0.0184,0.0222,0.0287,0.0223
2021-08-19,439.86,411.1067,-0.0159,372.27,21.67,0.3443,24.2,0.0168,0.0184,0.0145,0.0303,0.0127
2021-09-10,445.44,416.3219,-0.0133,379.25,20.95,0.1549,23.31,-0.0029,0.0055,-0.0059,-0.0002,-0.022
2021-09-20,434.04,406.9668,-0.0278,381.6,25.71,0.4142,26.4,0.0088,0.0211,0.0198,-0.0124,0.0015
2021-09-21,433.63,406.5823,-0.0272,381.94,24.36,0.3034,25.47,0.022,0.0237,0.0002,-0.0012,0
2021-09-28,433.72,406.6667,-0.0213,383.74,23.25,0.248,24.03,-0.0106,0.0012,-0.0014,-0.0002,0.039
2021-09-29,434.45,407.3512,-0.0213,384.08,22.56,0.271,23.72,-0.0005,-0.0134,0.001,0.0017,0.0413
2021-09-30,429.14,402.3724,-0.0305,384.41,23.14,0.2335,23.87,-0.0012,0.0092,0.0222,0.0311,0.057
2021-11-10,463.62,434.7017,-0.0105,395.15,18.73,0.1365,22,0.0079,0.0082,0.0097,0.0126,-0.0134
2021-11-26,458.97,430.3418,-0.0184,399.64,28.62,0.493,29.17,-0.0074,-0.0185,-0.0121,0.0256,0.0055
2021-11-30,455.56,427.1444,-0.0296,400.31,27.19,0.4634,28.13,0.004,-0.0047,0.0279,0.0171,0.02
2021-12-02,457.4,428.8697,-0.0155,400.93,27.95,0.2173,29.15,0.003,0.0238,0.0196,0.0198,0.0325
2021-12-20,454.98,428.0994,-0.0298,405.61,22.87,0.1856,26.31,0.0279,0.0343,0.0481,0.0496,0.0325
2022-01-05,468.38,440.7077,-0.0139,410.05,19.73,0.1458,23.47,-0.0049,-0.0061,0.0056,-0.0462,-0.0793
2022-01-06,467.94,440.2937,-0.0205,410.44,19.61,0.1813,23.5,-0.0052,0.0039,-0.0073,-0.064,-0.0555
2022-01-07,466.09,438.5529,-0.024,410.82,18.76,0.1094,22.87,0.0079,0.0106,-0.0029,-0.0563,-0.0347
2022-01-18,456.49,429.5202,-0.0308,412.83,22.79,0.2934,25.12,-0.0213,-0.0405,-0.0482,-0.0078,-0.0122
2022-01-19,451.75,425.0602,-0.0275,413.06,23.85,0.1743,25.81,-0.0305,-0.0264,-0.0407,0.0124,0.0128
2022-01-20,446.75,420.3556,-0.0387,413.27,25.59,0.3335,27.25,-0.0155,-0.0275,-0.0347,-0.0003,0.0058
2022-01-24,439.84,413.8538,-0.0264,413.58,29.9,0.2537,30.82,-0.0147,-0.0196,0.0229,0.0169,-0.0019
2022-04-06,446.52,421.4444,-0.0141,420.22,22.1,0.1258,25.8,0.0024,-0.0148,-0.0072,-0.0189,-0.0419
2022-04-07,448.77,423.5681,-0.0176,420.36,21.55,0.1605,25.23,-0.0197,-0.0234,-0.0245,-0.0506,-0.0819
2023-02-10,408.04,390.1613,-0.0172,373.88,20.53,0.1002,22.55,0.0113,0.0146,-0.0019,-0.0253,-0.0087
2023-02-17,407.26,389.4155,-0.013,373.85,20.02,0.0587,21.77,-0.0214,-0.0162,-0.0234,-0.0069,-0.0538
2023-02-21,399.09,381.6034,-0.036,373.73,22.87,0.2545,23.38,0.0039,-0.0068,-0.0071,-0.0021,-0.0184
2023-02-22,398.54,381.0775,-0.0239,373.68,22.29,0.1051,22.68,-0.0054,-0.002,-0.0095,0.001,-0.0232
2023-02-23,400.66,383.1047,-0.0162,373.66,21.14,0.0559,21.74,-0.0073,-0.011,-0.0071,-0.0227,-0.0114
2023-03-09,391.56,374.4034,-0.0319,373.98,22.61,0.2149,22.87,-0.0158,0.0004,0.0116,0.0079,0.0349
2023-04-25,406.08,389.7691,-0.0141,376.64,18.76,0.0926,21.65,0.0156,0.0243,0.0117,0.0119,0.0103
2023-04-26,404.36,388.1182,-0.019,376.76,18.84,0.1234,21.54,0.0286,0.0276,0.0091,0.021,0.0269
2023-05-03,408.02,391.6311,-0.019,377.63,18.34,0.1622,21.29,0.0113,0.0116,0.0118,0.0177,0.0075
2023-05-04,405.13,388.8572,-0.025,377.72,20.09,0.2494,22.77,0.0188,0.0143,0.0173,0.0348,0.0235
2023-05-23,414.09,397.4573,-0.0123,378.64,18.53,0.1545,21.06,0.0014,0.0143,0.0091,0.0301,0.0558
2023-05-24,411.09,394.5778,-0.018,378.66,20.03,0.1916,22.02,0.0217,0.0221,0.0261,0.0439,0.0766
2023-07-07,438.55,422.4984,-0.0118,382.93,14.83,0.0929,17.24,0.0089,0.017,0.0245,0.0311,0.0419
2023-08-02,450.13,433.6546,-0.0149,390.59,16.09,0.2071,17.96,-0.0074,0.0013,-0.0097,-0.0233,-0.0158
2023-08-03,448.84,432.4119,-0.0196,391.05,15.92,0.168,17.72,0.0042,-0.0002,-0.0065,-0.028,-0.0266
2023-08-04,446.81,430.4561,-0.0212,391.46,17.1,0.2276,18.61,0.0043,-0.0024,-0.0026,-0.0231,-0.0153
2023-08-16,439.64,423.5486,-0.0135,394.34,16.78,0.1307,18.97,-0.0071,-0.0007,0.0077,0.0259,0.0119
2023-08-17,436.29,420.3212,-0.0264,394.59,17.89,0.2072,19.83,0.007,0.0043,0.0014,0.0322,0.0212
2023-08-18,436.5,420.5235,-0.0144,394.85,17.3,0.051,19.24,0.0038,0.015,0.0079,0.0337,0.0274
2023-09-07,444.85,428.5679,-0.0141,398.82,14.4,0.1001,16.58,0.0081,0.0026,0.0124,-0.0268,-0.0333
2023-09-19,442.71,428.0107,-0.0135,400.82,14.11,0.1006,16.13,-0.0256,-0.0278,-0.038,-0.0477,-0.0185
2023-09-20,438.64,424.0757,-0.0107,401,15.14,0.0979,16.81,-0.0187,-0.0146,-0.0287,-0.0319,-0.0053
2023-09-21,431.39,417.0665,-0.0276,401.15,17.54,0.2529,18.24,0.0019,-0.0128,-0.0067,-0.016,0.0053
2023-09-22,430.42,416.1287,-0.0278,401.33,17.2,0.219,18.09,-0.0105,-0.0102,-0.0068,-0.002,0.0025
2023-09-25,432.23,417.8786,-0.0146,401.55,16.9,0.1162,18.02,-0.0143,-0.0086,-0.0114,0.0001,0.0088
2023-09-26,425.88,411.7394,-0.0128,401.73,18.94,0.0798,19.72,0.0062,0.0038,-0.0101,0.0203,0.0238
2023-09-27,426.05,411.9038,-0.0102,401.91,18.22,0.0593,19.11,0.0034,0.003,-0.0033,0.0241,0.0098
2023-10-03,421.59,407.5919,-0.0162,402.56,19.78,0.1407,20.41,0.0069,0.0189,0.0307,0.0342,0.0048
2023-10-19,426.43,412.2711,-0.022,405.66,21.4,0.2435,22.19,-0.014,-0.0066,-0.0325,0.0102,0.0174
2023-10-20,421.19,407.2052,-0.034,405.86,21.71,0.2142,22.44,0.0058,-0.0086,-0.025,0.0321,0.0461
2023-10-23,420.46,406.4994,-0.0227,406.08,20.37,0.0598,21.33,-0.0069,-0.0188,-0.0116,0.0362,0.0469
2024-01-03,468.79,455.0623,-0.0166,419.43,14.04,0.1259,16.04,-0.0019,0.0124,0.0166,0.0164,0.041
2024-01-04,467.28,453.5964,-0.0169,419.81,14.13,0.1349,16.04,0.0157,0.0141,0.0194,0.0324,0.0431
2024-04-04,513.07,499.593,-0.0174,447.3,16.35,0.1978,17.16,0.011,0.0122,0.0096,-0.0264,-0.0187
2024-04-12,510.85,497.4314,-0.0163,449.82,17.31,0.1555,18.2,-0.0143,-0.0202,-0.0307,-0.0051,0.0009
2024-04-15,504.45,491.1995,-0.0188,450.17,19.23,0.2171,19.55,-0.0077,-0.0098,-0.0094,0.0111,0.024
2024-04-16,503.53,490.3036,-0.0279,450.52,18.4,0.2341,18.84,-0.008,-0.0166,0.0042,-0.0031,0.027
2024-04-17,500.55,487.4019,-0.0202,450.82,18.21,0.052,18.77,-0.0108,-0.0017,0.0097,-0.0004,0.0332
2024-05-30,522.61,508.8824,-0.0129,461.34,14.47,0.2129,15.59,0.0099,0.0111,0.0231,0.038,0.0453
2024-07-18,552.66,539.8792,-0.0158,479.11,15.93,0.2142,16.56,0.0036,0.002,-0.0258,-0.0175,-0.0398
2024-07-19,548.99,536.2941,-0.0281,479.73,16.52,0.2525,17.16,0.0087,-0.0141,-0.0083,-0.0293,-0.0291
2024-07-24,541.23,528.7135,-0.0141,481.64,18.04,0.092,18.43,0.0059,0.0065,0.0177,-0.0417,0.0047
2024-07-25,538.41,525.9587,-0.0293,482.19,18.46,0.2381,18.69,0.0118,0.0067,0.0085,-0.0144,0.0272
2024-07-26,544.44,531.8494,-0.0169,482.76,16.39,0.1135,17.24,-0.0045,0.0117,-0.0212,-0.021,0.0181
2024-09-03,552.08,539.3126,-0.0111,498.21,20.72,0.211,21.7,-0.0045,-0.0212,-0.006,0.0199,0.038
2024-09-04,550.95,538.2087,-0.0133,498.73,21.32,0.3623,22.07,-0.0192,-0.0082,0.0063,0.019,0.0378
2024-09-05,549.61,536.8997,-0.025,499.24,19.9,0.3267,20.93,-0.0058,-0.0015,0.0172,0.0389,0.0445
2024-09-06,540.36,527.8636,-0.0212,499.7,22.38,0.0801,22.74,0.0156,0.026,0.0401,0.0548,0.0608
2024-10-03,567.82,556.39,-0.0104,510.03,20.49,0.2247,21.63,0,0.0094,0.0146,0.0256,0.0201
2024-10-23,577.99,566.3553,-0.0113,517.62,19.24,0.0671,20.04,0.0018,0.0049,0.0035,0.0226,0.0332
2024-11-01,571.04,559.5452,-0.0184,521.27,21.88,0.1313,21.91,0.0099,0.035,0.0475,0.0258,0.0429
2024-11-15,585.75,573.9591,-0.0187,526.58,16.14,0.0972,17.81,0.0078,0.0081,0.0167,0.0305,0.0323
2024-11-18,588.15,576.3108,-0.0151,527.06,15.58,0.1113,17.19,0.004,0.0094,0.0159,0.0268,0.0249
2024-12-19,586.1,574.3021,-0.0341,538.09,24.09,0.6399,24.14,0.0181,0.0294,0.0186,0.0192,-0.0033
2024-12-20,591.15,581.2,-0.0185,538.5,18.36,0.1569,20.1,0.0172,0.0172,-0.005,-0.0043,0.0028
2024-12-30,588.22,578.3193,-0.0218,540.67,17.4,0.2193,18.94,-0.0061,0.0063,0.0007,0.0078,0.0366
2024-12-31,586.08,576.2153,-0.0254,541.07,17.35,0.1779,18.98,0.01,0.0158,0.0058,0.0095,0.0373
2025-01-02,584.64,574.7995,-0.0174,541.45,17.93,0.1241,19.33,0.0183,0.0068,-0.0071,0.0221,0.0252
2025-01-10,580.49,570.7193,-0.025,543.27,19.54,0.2182,20.97,0.0029,0.0212,0.0294,0.0325,0.0298
2025-01-13,581.39,571.6042,-0.0123,543.61,19.19,0.0769,20.43,0.0196,0.0176,0.0373,0.0398,0.0351
2025-01-14,582.19,572.3907,-0.0124,543.92,18.71,0.0571,19.99,0.0162,0.0264,0.0417,0.0337,0.0378
2025-01-27,599.37,589.2816,-0.0117,547.34,17.9,0.1854,18.97,0.0041,0.0095,-0.0027,0.0091,0.0202
2025-01-29,601.81,591.6805,-0.0101,548.24,16.56,0.1152,18.15,0,-0.0067,0.004,0.0026,0.0142
2025-02-21,599.94,589.842,-0.0189,556.59,18.21,0.1863,19.48,-0.0095,-0.009,-0.0096,-0.04,-0.0619
2025-02-24,597.21,587.158,-0.0256,557.01,18.98,0.243,19.86,-0.0045,-0.0204,-0.0225,-0.0613,-0.0503
2025-02-25,594.24,584.2379,-0.0264,557.41,19.43,0.2407,20.03,-0.0155,-0.0001,-0.0292,-0.0645,-0.0559
2025-02-27,585.05,575.2025,-0.0204,558.16,21.13,0.1133,21.22,-0.0022,-0.014,-0.0211,-0.0575,-0.0334
2025-05-21,582.86,574.7733,-0.0191,564.62,20.87,0.2106,22.66,-0.0064,0.0142,0.0123,0.0175,0.0358
2025-05-22,583.09,575.0002,-0.0198,564.97,20.28,0.118,22.32,0.0138,0.008,0.0108,0.0275,0.0239
2025-05-23,579.11,571.0753,-0.0232,565.28,22.29,0.2322,23.8,0.0149,0.0189,0.0235,0.0355,0.0407
2025-06-13,597,588.7172,-0.0101,568.95,20.82,0.2283,22.62,0.0009,0.0007,0.0082,0.038,0.0422
2025-06-17,597.53,589.2399,-0.0103,569.4,21.6,0.1987,22.91,-0.0025,0.0074,0.0191,0.0414,0.0504
2025-06-20,594.28,587.7674,-0.011,569.8,20.62,0.079,22.48,0.021,0.0216,0.0347,0.0444,0.0514
2025-08-01,621.72,614.9066,-0.0213,579.15,20.38,0.2753,21.24,0.0101,0.0178,0.0249,0.0349,0.0379
2025-08-21,635.55,628.5851,-0.012,583.49,16.6,0.1074,19.41,0.0109,0.0151,0.021,0.0184,0.0344
2025-10-10,653.02,647.6542,-0.0241,595.23,21.66,0.2564,22.81,0.0141,0.0186,0.0174,0.0371,0.0445
2025-10-13,663.04,657.5919,-0.015,595.59,19.03,0.1675,20.93,0.0032,-0.0036,0.0125,0.0335,0.0306
2025-10-14,662.23,656.7886,-0.0133,595.92,20.81,0.2666,22.03,-0.0024,0.0033,0.0137,0.0375,0.0196
2025-11-06,670.31,664.8022,-0.0191,603.4,19.5,0.1357,21.35,0.0166,0.0189,0.0026,-0.0265,0.0195
2025-11-13,672.04,666.518,-0.0138,605.35,20,0.1364,21.85,-0.0095,-0.0178,-0.029,0.0169,0.0203
2025-11-14,671.93,666.4089,-0.0162,605.71,19.83,0.1476,21.58,-0.0176,-0.0138,-0.0192,0.0124,0.0174
2025-11-17,665.67,660.2003,-0.0259,606.05,22.38,0.2781,23.18,-0.0046,-0.0197,0.0046,0.0238,0.0261
2025-11-19,662.63,657.1853,-0.0138,606.72,23.66,0.1931,23.99,-0.0054,0.0092,0.0257,0.0328,0.0401
2025-12-16,678.87,673.2919,-0.0149,614.08,16.48,0.1098,19.67,-0.0035,0.0055,0.0164,0.0075,0.0187
2025-12-17,671.4,665.8832,-0.0152,614.57,17.62,0.1194,20.08,0.0167,0.023,0.0313,0.0205,0.0368
2025-12-31,681.92,678.3152,-0.0122,620.22,14.95,0.0993,18.18,0.0085,0.0145,0.0111,0.0151,0.0107
2026-01-20,677.58,673.9982,-0.0185,627.97,20.09,0.1994,21.28,0.0168,0.0172,0.0264,0.0176,0.0215
2026-02-05,677.62,674.038,-0.0256,638.13,21.77,0.3323,22.45,0.0241,0.0214,0.0054,0.0174,0.0124
2026-02-12,681.27,677.6687,-0.0183,641.92,20.82,0.1993,22.17,0.0023,0.0074,0.012,0.0069,-0.013
2026-02-13,681.75,678.1461,-0.015,642.58,20.6,0.158,22.17,0.0067,0.004,0.0009,0.0068,-0.0051
2026-02-17,682.85,679.2403,-0.0132,643.24,20.29,0.1496,21.6,0.0024,0.0096,0.0066,-0.0037,-0.0083
2026-03-13,662.29,658.789,-0.022,652.94,27.19,0.0907,27.28,0.0128,-0.0013,-0.018,-0.04,-0.0024
2026-06-05,737.55,735.6548,-0.029,679.81,21.51,0.364,21.82,-0.0007,-0.0164,0.0057,0.0119,0.0073
2026-06-08,739.22,737.3204,-0.0199,680.34,18.92,0.1781,20.79,-0.0187,-0.002,0.0211,-0.0051,0.0128
2026-06-09,737.05,735.1561,-0.0265,680.88,19.87,0.2903,21.31,0.001,0.0064,0.018,-0.0026,0.0144
2026-06-24,733.24,733.24,-0.0181,685.95,18.63,0.136,20.37,-0.0058,0.0106,0.0171,0.0252,0.0238
2026-06-25,734.3,734.3,-0.0136,686.41,18.89,0.0932,20.33,0.0091,0.017,0.0143,0.0281,0.0122
2026-07-17,743.29,743.29,-0.0114,693.44,18.77,0.1376,20.54,0.0067,0.0055,-0.0059,0.005,
2026-07-20,742.09,742.09,-0.0169,693.85,18.65,0.1902,20.4,0.0072,-0.0053,-0.004,0.021,
2026-07-24,738.93,738.93,-0.0125,695.43,18.58,0.0897,20.51,0.0026,-0.0128,0.011,,
2026-07-27,739.09,739.09,-0.0111,695.81,18.67,0.122,20.2,-0.013,0.0035,0.0251,,
2026-07-29,729.46,729.46,-0.0128,696.49,20.66,0.1119,21.5,0.0241,0.0387,0.0553,,
